Workbook

Sheet _Parametreler
A1: Anahtar | B1: Değer
A2: proje_adi | B2: Karşıyaka Ortaokulu (24 derslik)
A3: proje_no | B3: MEBİZ.73-10-25-01-SU-001-R0
A4: toplam_m2 | B4: 11773.4
A5: baslangic | B5: 01.09.2026
A6: bitis | B6: 15.04.2027
A7: fiziki_bitis | B7: 31.03.2027
A8: ekip_pik | B8: 6
A9: sure_ay | B9: 7.5

Sheet Veri Girişi
A1: KALIP PROJE — VERİ GİRİŞİ & İLERLEME TAKİBİ
A3: Genel Aşama İlerlemesi (%)
A4: Hazırlık & Ölçü | B4: 0
A5: Kalıp Montaj | B5: 0
A6: Beton & Kontrol | B6: 0
A7: Söküm & Devretme | B7: 0
A8: Genel İlerleme | B8: =AVERAGE(B4:B7)
A10: Bodrum Bölümü İlerlemesi (%) | D10: Üst Kat Bölümü İlerlemesi (%)
A11: Hazırlık & Ölçü | B11: 0 | D11: Hazırlık & Ölçü | E11: 0
A12: Kalıp Montaj | B12: 0 | D12: Kalıp Montaj | E12: 0
A13: Beton & Kontrol | B13: 0 | D13: Beton & Kontrol | E13: 0
A14: Söküm & Devretme | B14: 0 | D14: Söküm & Devretme | E14: 0
A17: Rapor Tarihi | B17: =TODAY()
A18: Kalan Gün | B18: =MAX(0,DATE(2027,4,15)-B17)
A21: Aylık Gerçekleşen Montaj (m²)
A22: Ay | B22: Plan (m²) | C22: Gerçekleşen (m²) | D22: Sapma | E22: Kümülatif Gerçekleşen | F22: Kümülatif %
A23: Eyl'26 | B23: 800 | C23: 0 | D23: =C23-B23 | E23: =SUM($C$23:C23) | F23: =E23/11773.4
A24: Eki'26 | B24: 1100 | C24: 0 | D24: =C24-B24 | E24: =SUM($C$23:C24) | F24: =E24/11773.4
A25: Kas'26 | B25: 1400 | C25: 0 | D25: =C25-B25 | E25: =SUM($C$23:C25) | F25: =E25/11773.4
A26: Ara'26 | B26: 1700 | C26: 0 | D26: =C26-B26 | E26: =SUM($C$23:C26) | F26: =E26/11773.4
A27: Oca'27 | B27: 1900 | C27: 0 | D27: =C27-B27 | E27: =SUM($C$23:C27) | F27: =E27/11773.4
A28: Şub'27 | B28: 2000 | C28: 0 | D28: =C28-B28 | E28: =SUM($C$23:C28) | F28: =E28/11773.4
A29: Mar'27 | B29: 1873 | C29: 0 | D29: =C29-B29 | E29: =SUM($C$23:C29) | F29: =E29/11773.4
A30: Nis'27 | B30: 1000 | C30: 0 | D30: =C30-B30 | E30: =SUM($C$23:C30) | F30: =E30/11773.4

Sheet Ana Sayfa
A1: 11.773 m² KALIP İŞİ
A2: PROJE DASHBOARD — Karşıyaka Ortaokulu (24 derslik)
A4: TOPLAM İLERLEME | C4: PERDE KALIBI | E4: DÖŞEME KALIBI | G4: KOLON + KİRİŞ | I4: PERSONEL (PİK) | K4: KALAN GÜN
A5: ='Veri Girişi'!B8 | C5: 4621 | E5: 4707 | G5: 2325 | I5: 6 | K5: ='Veri Girişi'!B18
A7: genel | C7: m² | E7: m² | G7: m² | I7: kişi | K7: gün
A9: PROJE ÖZETİ | L9: PROJE KPI
A10: Başlangıç | B10: 01.09.2026 | K10: Hazırlık & Ölçü | L10: ='Veri Girişi'!C4
A11: Bitiş | B11: 15.04.2027 | K11: Kalıp Montaj | L11: ='Veri Girişi'!C5
A12: Fiziki Bitiş | B12: 31.03.2027 | K12: Beton & Kontrol | L12: ='Veri Girişi'!C6
A13: Toplam Metraj | B13: 11.773.4 m² | K13: Söküm & Devretme | L13: ='Veri Girişi'!C7
A14: Bölüm Sayısı | B14: 2 (Bodrum / Üst Kat) | K14: Genel İlerleme | L14: ='Veri Girişi'!C8
A15: Proje Süresi | B15: 7.5 ay
A16: Ekip | B16: 2 usta + 3 çırak + 1 mühendis
A17: Birim Fiyat (teklif) | B17: 500 TL/m²
A19: Kalem | B19: m² | C19: Pay %
A20: Ay | B20: Perde | C20: Döşeme | D20: Kolon+Kiriş | E20: Toplam | F20: Kümülatif %
A21: Eyl'26 | B21: 420 | C21: 0 | D21: 380 | E21: 800 | F21: 0.067949785
A22: Eki'26 | B22: 580 | C22: 80 | D22: 440 | E22: 1100 | F22: 0.16138074
A23: Kas'26 | B23: 720 | C23: 180 | D23: 500 | E23: 1400 | F23: 0.28029286
A24: Ara'26 | B24: 880 | C24: 420 | D24: 400 | E24: 1700 | F24: 0.42468616
A25: Oca'27 | B25: 980 | C25: 620 | D25: 300 | E25: 1900 | F25: 0.5860669
A26: Şub'27 | B26: 720 | C26: 880 | D26: 400 | E26: 2000 | F26: 0.75594136
A27: Mar'27 | B27: 650 | C27: 920 | D27: 303 | E27: 1873 | F27: 0.91502879
A28: Nis'27 | B28: 171 | C28: 586 | D28: 243 | E28: 1000 | F28: 0.99996603
A50: Bodrum Bölümü — 1.457 m² | G50: Üst Kat Bölümü — 10.316 m²
A52: Hazırlık & Ölçü | B52: ='Veri Girişi'!B11 | C52: DEVAM EDİYOR | G52: Hazırlık & Ölçü | H52: ='Veri Girişi'!E11 | I52: DEVAM EDİYOR
A53: Kalıp Montaj | B53: ='Veri Girişi'!B12 | C53: DEVAM EDİYOR | G53: Kalıp Montaj | H53: ='Veri Girişi'!E12 | I53: DEVAM EDİYOR
A54: Beton & Kontrol | B54: ='Veri Girişi'!B13 | C54: BEKLEMEDE | G54: Beton & Kontrol | H54: ='Veri Girişi'!E13 | I54: BEKLEMEDE
A55: Söküm & Devretme | B55: ='Veri Girişi'!B14 | C55: BEKLEMEDE | G55: Söküm & Devretme | H55: ='Veri Girişi'!E14 | I55: BEKLEMEDE
A58: Yönetici Notu: Karşıyaka Ortaokulu (24 derslik) kalıp taşeronluğu 01.09.2026 — 15.04.2027 arasında planlanmıştır. Toplam 11.773 m² kırık ölçü metraj; bodrum ve üst kat olmak üzere 2 bölümde ilerlenecektir. Ekip kapasitesi 6 kişi; gerçekçi tamamlanma 31.03.2027 hedeflenmektedir. Güncel ilerleme 'Veri Girişi' sayfasından güncellenir.

Sheet Bodrum Takip
A1: BODRUM BÖLÜMÜ — KALIP TAKİP
A3: Kalem | B3: Metraj (m²) | C3: Montaj % | D3: Beton % | E3: Söküm % | F3: Tamamlanan (m²) | G3: Kalan (m²)
A4: Radye yan kalıp | B4: 120.4 | C4: 0 | D4: 0 | E4: 0 | F4: =B4*AVERAGE(C4:E4) | G4: =B4-F4
A5: Bodrum perde kalıbı | B5: 1152.7 | C5: 0 | D5: 0 | E5: 0 | F5: =B5*AVERAGE(C5:E5) | G5: =B5-F5
A6: Bodrum kolon kalıbı | B6: 184 | C6: 0 | D6: 0 | E6: 0 | F6: =B6*AVERAGE(C6:E6) | G6: =B6-F6
A7: TOPLAM | B7: =SUM(B4:B6) | F7: =SUM(F4:F6) | G7: =SUM(G4:G6)

Sheet Üst Kat Takip
A1: ÜST KAT BÖLÜMÜ — KALIP TAKİP
A3: Kalem | B3: Metraj (m²) | C3: Montaj % | D3: Beton % | E3: Söküm % | F3: Tamamlanan (m²) | G3: Kalan (m²)
A4: Üst kat perde kalıbı | B4: 3468.8 | C4: 0 | D4: 0 | E4: 0 | F4: =B4*AVERAGE(C4:E4) | G4: =B4-F4
A5: Üst kat kolon kalıbı | B5: 699.2 | C5: 0 | D5: 0 | E5: 0 | F5: =B5*AVERAGE(C5:E5) | G5: =B5-F5
A6: Döşeme alt kalıbı | B6: 4706.5 | C6: 0 | D6: 0 | E6: 0 | F6: =B6*AVERAGE(C6:E6) | G6: =B6-F6
A7: Kiriş kalıbı | B7: 1441.8 | C7: 0 | D7: 0 | E7: 0 | F7: =B7*AVERAGE(C7:E7) | G7: =B7-F7
A8: TOPLAM | B8: =SUM(B4:B7)

Sheet Hakediş Takip
A1: HAKEDİŞ & FİNANS TAKİBİ
A2: Birim fiyat: 500 TL/m² (KDV hariç) · Tevkifat 4/10
A4: Dönem | B4: Tamamlanan (m²) | C4: Matrah (TL) | D4: KDV %20 | E4: Tevkifat | F4: Tahsil KDV | G4: Fatura Tutarı | H4: Tahsil Edildi
A5: Hakediş 1 | B5: 0 | C5: =B5*500 | D5: =C5*0.2 | E5: =D5*0.4 | F5: =D5-E5 | G5: =C5+F5 | H5: Hayır
A6: Hakediş 2 | B6: 0 | C6: =B6*500 | D6: =C6*0.2 | E6: =D6*0.4 | F6: =D6-E6 | G6: =C6+F6 | H6: Hayır
A7: Hakediş 3 | B7: 0 | C7: =B7*500 | D7: =C7*0.2 | E7: =D7*0.4 | F7: =D7-E7 | G7: =C7+F7 | H7: Hayır
A8: Hakediş 4 | B8: 0 | C8: =B8*500 | D8: =C8*0.2 | E8: =D8*0.4 | F8: =D8-E8 | G8: =C8+F8 | H8: Hayır
A9: Hakediş 5 | B9: 0 | C9: =B9*500 | D9: =C9*0.2 | E9: =D9*0.4 | F9: =D9-E9 | G9: =C9+F9 | H9: Hayır
A10: Hakediş 6 | B10: 0 | C10: =B10*500 | D10: =C10*0.2 | E10: =D10*0.4 | F10: =D10-E10 | G10: =C10+F10 | H10: Hayır
A11: Hakediş 7 | B11: 0 | C11: =B11*500 | D11: =C11*0.2 | E11: =D11*0.4 | F11: =D11-E11 | G11: =C11+F11 | H11: Hayır
A12: Hakediş 8 | B12: 0 | C12: =B12*500 | D12: =C12*0.2 | E12: =D12*0.4 | F12: =D12-E12 | G12: =C12+F12 | H12: Hayır
A13: TOPLAM | B13: =SUM(B5:B12) | C13: =SUM(C5:C12) | D13: =SUM(D5:D12) | E13: =SUM(E5:E12) | F13: =SUM(F5:F12) | G13: =SUM(G5:G12)

Sheet Ekip & Puantaj
A1: EKİP & PUANTAJ PLANLAMASI
A3: Kadro
A4: Pozisyon | B4: Adet | C4: Brüt Aylık (TL) | D4: SGK
A5: Kalıp ustası | B5: 2 | C5: 120000 | D5: 4A
A6: Çırak / yardımcı | B6: 3 | C6: 60000 | D6: 4A
A7: Şantiye mühendisi | B7: 1 | C7: 70000 | D7: 4A
A8: Şirket sahibi | B8: 1 | C8: - | D8: 4B Bağ-Kur
A11: Aylık Personel Planı
A12: Ay | B12: Planlanan Ekip | C12: Gerçekleşen Gün-Kişi
A13: Eyl'26 | B13: 6 | C13: 0
A14: Eki'26 | B14: 6 | C14: 0
A15: Kas'26 | B15: 6 | C15: 0
A16: Ara'26 | B16: 6 | C16: 0
A17: Oca'27 | B17: 6 | C17: 0
A18: Şub'27 | B18: 6 | C18: 0
A19: Mar'27 | B19: 6 | C19: 0
A20: Nis'27 | B20: 6 | C20: 0

Sheet KPI
A1: KPI & PERFORMANS GÖSTERGELERİ
A3: KPI | B3: Hedef | C3: Birim | D3: Not
A4: Planlanan m² / gün (ekip) | B4: 68.8 | C4: m²/gün | D4: Gerçekçi senaryo | E4: Gerçekleşen | F4: 0
A5: Toplam metraj | B5: 11773.4 | C5: m² | D5: Kırık ölçü | E5: Gerçekleşen | F5: 0
A6: Sözleşme süresi | B6: 7.5 | C6: ay | D6: Önerilen | E6: Gerçekleşen | F6: 0
A7: Ekip verimliliği hedefi | B7: 85 | C7: % | D7: Plan/gerçekleşen | E7: Gerçekleşen | F7: 0
A8: İSG olay sayısı | B8: 0 | C8: adet | D8: Hedef: 0 | E8: Gerçekleşen | F8: 0
A9: Hakediş gecikme | B9: 0 | C9: gün | D9: Hedef: ≤15 | E9: Gerçekleşen | F9: 0
A10: Kalite red oranı | B10: 0 | C10: % | D10: Hedef: <2% | E10: Gerçekleşen | F10: 0
A11: Maliyet sapması | B11: 0 | C11: % | D11: Hedef: ±5% | E11: Gerçekleşen | F11: 0
A14: Gerçekleşen KPI (saha girişi)
